Player,Age,Position,Team,Current_Value_M,Market_Value_M,Apps,Goals,Assists,Potential_Gap,Potential_Pct,Goals_Per_App,Assists_Per_App,Talent_Score,Cluster,Minutes,Goals_Per90,Assists_Per90,Season,Player_ID
Arda Güler,20,CM,Real Madrid,45.0,90.0,33,4,9,45.0,100.0,0.121,0.273,100.0,1,2027,0.178,0.4,2025-26,861410
Fermín López,22,CM,Barcelona,50.0,100.0,30,6,9,50.0,100.0,0.2,0.3,98.88,1,1798,0.3,0.451,2025-26,636703
Lamine Yamal,18,RW,Barcelona,200.0,200.0,28,16,12,0.0,0.0,0.571,0.429,96.65,1,2270,0.634,0.476,2025-26,937958
Marc Bernal,18,CM,Barcelona,5.0,30.0,22,2,1,25.0,500.0,0.091,0.045,96.46,2,787,0.229,0.114,2025-26,1018920
Carlos Espí,20,ST,Levante,2.0,20.0,25,11,0,18.0,900.0,0.44,0.0,95.47,2,1339,0.739,0.0,2025-26,1063338
Williot Swedberg,21,LW,Celta Vigo,5.0,20.0,29,5,5,15.0,300.0,0.172,0.172,95.24,2,1268,0.355,0.355,2025-26,764859
Marc Pubill,22,CB,Atlético Madrid,4.0,35.0,19,1,1,31.0,775.0,0.053,0.053,94.55,2,1382,0.065,0.065,2025-26,844637
Oso,22,LB,Sevilla,0.2,10.0,21,2,3,9.8,4900.0,0.095,0.143,94.42,2,1409,0.128,0.192,2025-26,1032280
Orri Óskarsson,21,ST,Real Sociedad,15.0,20.0,20,9,0,5.0,33.3,0.45,0.0,93.26,1,830,0.976,0.0,2025-26,660438
Thiago Pitarch,18,CM,Real Madrid,3.0,20.0,10,0,2,17.0,566.7,0.0,0.2,93.13,2,597,0.0,0.302,2025-26,1375227
Dean Huijsen,20,CB,Real Madrid,60.0,60.0,28,2,2,0.0,0.0,0.071,0.071,93.09,1,2037,0.088,0.088,2025-26,890290
Carlos Romero,24,LB,Espanyol,5.0,25.0,36,6,3,20.0,400.0,0.167,0.083,93.05,2,3195,0.169,0.085,2025-26,709372
Abde Ezzalzouli,24,LW,Real Betis,12.0,40.0,29,10,9,28.0,233.3,0.345,0.31,93.02,2,2255,0.399,0.359,2025-26,724520
Pedri,23,CM,Barcelona,140.0,150.0,29,2,9,10.0,7.1,0.069,0.31,91.64,1,2110,0.085,0.384,2025-26,683840
Alberto Moleiro,22,LW,Villarreal,25.0,50.0,37,10,6,25.0,100.0,0.27,0.162,91.37,1,2491,0.361,0.217,2025-26,733576
Héctor Fort,19,RB,Elche,10.0,12.0,14,2,2,2.0,20.0,0.143,0.143,91.31,1,482,0.373,0.373,2025-26,937955
Gonzalo García,21,ST,Real Madrid,8.0,30.0,30,6,1,22.0,275.0,0.2,0.033,89.85,2,952,0.567,0.095,2025-26,935230
Álvaro Carreras,22,LB,Real Madrid,35.0,50.0,28,2,3,15.0,42.9,0.071,0.107,88.36,1,2334,0.077,0.116,2025-26,811778
Javi Guerra,22,CM,Valencia,25.0,25.0,36,4,6,0.0,0.0,0.111,0.167,87.95,1,2070,0.174,0.261,2025-26,834764
Ferran Torres,25,ST,Barcelona,40.0,50.0,33,16,2,10.0,25.0,0.485,0.061,87.41,1,1975,0.729,0.091,2025-26,398184
Javi Rueda,23,RB,Celta Vigo,0.8,6.0,26,2,6,5.2,650.0,0.077,0.231,87.11,2,1405,0.128,0.384,2025-26,652331
Jon Martín,19,CB,Real Sociedad,8.0,25.0,25,2,0,17.0,212.5,0.08,0.0,86.2,2,2250,0.08,0.0,2025-26,1018938
Georges Mikautadze,25,ST,Villarreal,22.0,30.0,32,13,6,8.0,36.4,0.406,0.188,85.75,1,2117,0.553,0.255,2025-26,729814
Jude Bellingham,22,CM,Real Madrid,180.0,130.0,28,6,4,-50.0,-27.8,0.214,0.143,85.48,1,1918,0.282,0.188,2025-26,581678
Kylian Mbappé,27,ST,Real Madrid,180.0,180.0,31,25,5,0.0,0.0,0.806,0.161,84.86,1,2606,0.863,0.173,2025-26,342229
Eric García,24,CB,Barcelona,18.0,40.0,34,1,2,22.0,122.2,0.029,0.059,84.11,2,2730,0.033,0.066,2025-26,466794
Dani Olmo,27,CM,Barcelona,60.0,60.0,33,7,8,0.0,0.0,0.212,0.242,83.73,1,2077,0.303,0.347,2025-26,293385
Jan Virgili,19,LW,Mallorca,3.0,15.0,31,2,6,12.0,400.0,0.065,0.194,83.51,2,1796,0.1,0.301,2025-26,1301775
Giuliano Simeone,23,RW,Atlético Madrid,35.0,40.0,31,4,6,5.0,14.3,0.129,0.194,83.36,1,2110,0.171,0.256,2025-26,742201
Pape Gueye,26,CM,Villarreal,15.0,40.0,30,5,2,25.0,166.7,0.167,0.067,82.94,2,2143,0.21,0.084,2025-26,485963
Antony,25,RW,Real Betis,35.0,40.0,32,8,6,5.0,14.3,0.25,0.188,82.76,1,2460,0.293,0.22,2025-26,602105
Matteo Ruggeri,23,LB,Atlético Madrid,16.0,28.0,26,0,3,12.0,75.0,0.0,0.115,81.33,1,1775,0.0,0.152,2025-26,616631
Karl Etta Eyong,22,ST,Levante,5.0,15.0,33,7,4,10.0,200.0,0.212,0.121,81.22,2,1668,0.378,0.216,2025-26,1038950
Martim Neto,22,CM,Elche,2.5,4.0,25,2,5,1.5,60.0,0.08,0.2,81.05,1,1351,0.133,0.333,2025-26,549027
Nobel Mendy,21,CB,Rayo Vallecano,4.0,7.5,24,2,0,3.5,87.5,0.083,0.0,80.93,2,1804,0.1,0.0,2025-26,1034853
Rodrigo Mendoza,20,CM,Elche,1.0,20.0,24,1,1,19.0,1900.0,0.042,0.042,80.85,2,1232,0.073,0.073,2025-26,961297
Vinicius Junior,25,LW,Real Madrid,170.0,140.0,36,16,6,-30.0,-17.6,0.444,0.167,80.22,1,2825,0.51,0.191,2025-26,371998
Jon Gorrotxategi,23,CM,Real Sociedad,3.0,25.0,30,1,3,22.0,733.3,0.033,0.1,80.0,2,2215,0.041,0.122,2025-26,711374
Carlos Álvarez,22,CM,Levante,6.0,15.0,30,3,1,9.0,150.0,0.1,0.033,79.43,2,1898,0.142,0.047,2025-26,668179
Claudio Echeverri,19,CM,Girona,18.0,15.0,17,1,1,-3.0,-16.7,0.059,0.059,78.86,1,618,0.146,0.146,2025-26,994536
Ilaix Moriba,22,CM,Celta Vigo,6.0,15.0,36,2,3,9.0,150.0,0.056,0.083,78.59,2,2489,0.072,0.108,2025-26,617074
Fer López,21,CM,Celta Vigo,5.0,16.0,17,1,1,11.0,220.0,0.059,0.059,78.46,2,1175,0.077,0.077,2025-26,1064471
Santiago Mouriño,23,RB,Villarreal,3.0,20.0,28,1,2,17.0,566.7,0.036,0.071,78.46,2,2384,0.038,0.076,2025-26,953901
Arnau Martínez,22,RB,Girona,10.0,10.0,35,2,3,0.0,0.0,0.057,0.086,78.28,1,2678,0.067,0.101,2025-26,826224
Ferran Jutglà,26,RW,Celta Vigo,8.0,10.0,30,9,3,2.0,25.0,0.3,0.1,77.9,1,1663,0.487,0.162,2025-26,599231
Kike Salas,23,CB,Sevilla,8.0,14.0,26,2,0,6.0,75.0,0.077,0.0,77.66,2,2203,0.082,0.0,2025-26,766583
Brahim Díaz,26,RW,Real Madrid,40.0,35.0,30,1,8,-5.0,-12.5,0.033,0.267,77.58,1,1252,0.072,0.575,2025-26,314678
Sergi Altimira,24,CM,Real Betis,15.0,20.0,24,1,2,5.0,33.3,0.042,0.083,77.11,1,1182,0.076,0.152,2025-26,466801
Trent Alexander-Arnold,27,RB,Real Madrid,75.0,60.0,21,0,4,-15.0,-20.0,0.0,0.19,76.61,1,1164,0.0,0.309,2025-26,314353
Azzedine Ounahi,25,CM,Girona,10.0,10.0,24,5,3,0.0,0.0,0.208,0.125,76.5,1,1766,0.255,0.153,2025-26,593482
Marcus Rashford,28,LW,Barcelona,50.0,40.0,32,8,9,-10.0,-20.0,0.25,0.281,75.77,1,1762,0.409,0.46,2025-26,258923
Raphinha,29,LW,Barcelona,90.0,70.0,22,13,3,-20.0,-22.2,0.591,0.136,75.58,1,1389,0.842,0.194,2025-26,411295
Rodrygo,24,RW,Real Madrid,90.0,45.0,19,1,4,-45.0,-50.0,0.053,0.211,75.48,1,676,0.133,0.533,2025-26,412363
Álvaro Rodríguez,21,ST,Elche,2.5,10.0,34,7,5,7.5,300.0,0.206,0.147,75.23,2,2201,0.286,0.204,2025-26,948275
Roony Bardghji,20,RW,Barcelona,7.5,15.0,21,1,1,7.5,100.0,0.048,0.048,75.22,2,640,0.141,0.141,2025-26,792331
Pablo Torre,22,CM,Mallorca,6.0,5.0,35,4,4,-1.0,-16.7,0.114,0.114,75.02,1,1603,0.225,0.225,2025-26,720038
Ander Barrenetxea,24,LW,Real Sociedad,15.0,18.0,30,3,5,3.0,20.0,0.1,0.167,74.98,1,1769,0.153,0.254,2025-26,616369
Samú Costa,25,CM,Mallorca,15.0,15.0,34,7,2,0.0,0.0,0.206,0.059,74.97,1,2707,0.233,0.066,2025-26,657430
Víctor Muñoz,22,LW,Osasuna,1.0,30.0,34,6,2,29.0,2900.0,0.176,0.059,74.94,2,2670,0.202,0.067,2025-26,935231
Alejandro Francés,23,CB,Girona,2.0,3.0,24,0,2,1.0,50.0,0.0,0.083,74.92,0,1110,0.0,0.162,2025-26,632896
Joan García,24,GK,Barcelona,25.0,45.0,30,0,0,20.0,80.0,0.0,0.0,74.5,2,2700,0.0,0.0,2025-26,561613
Andrés Castrín,22,CB,Sevilla,0.25,6.0,19,1,0,5.75,2300.0,0.053,0.0,74.35,2,1276,0.071,0.0,2025-26,719999
David Affengruber,24,CB,Elche,5.0,20.0,36,1,1,15.0,300.0,0.028,0.028,74.22,2,2953,0.03,0.03,2025-26,452483
Tajon Buchanan,26,RW,Villarreal,6.0,12.0,34,7,1,6.0,100.0,0.206,0.029,74.21,2,1821,0.346,0.049,2025-26,638793
Akor Adams,25,ST,Sevilla,5.0,15.0,32,10,3,10.0,200.0,0.312,0.094,74.08,2,2060,0.437,0.131,2025-26,607034
Vitor Reis,19,CB,Girona,30.0,30.0,36,1,1,0.0,0.0,0.028,0.028,74.07,1,3138,0.029,0.029,2025-26,1005575
Óscar Mingueza,26,RB,Celta Vigo,20.0,18.0,34,1,4,-2.0,-10.0,0.029,0.118,74.0,1,1968,0.046,0.183,2025-26,331505
Pablo Fornals,29,CM,Real Betis,6.0,8.0,37,9,6,2.0,33.3,0.243,0.162,73.87,1,2866,0.283,0.188,2025-26,357885
Robert Navarro,23,RW,Athletic Club,6.0,6.0,32,6,1,0.0,0.0,0.188,0.031,73.85,1,1293,0.418,0.07,2025-26,563137
Federico Valverde,27,CM,Real Madrid,130.0,90.0,33,5,8,-40.0,-30.8,0.152,0.242,73.59,1,2747,0.164,0.262,2025-26,369081
Adrián Dela,26,CB,Levante,1.2,4.0,33,3,1,2.8,233.3,0.091,0.03,73.56,2,2710,0.1,0.033,2025-26,341263
Largie Ramazani,24,LW,Valencia,7.5,8.0,27,6,1,0.5,6.7,0.222,0.037,73.24,1,1226,0.44,0.073,2025-26,518644
Mario Martín,21,CM,Getafe,1.5,10.0,35,2,1,8.5,566.7,0.057,0.029,73.06,2,2135,0.084,0.042,2025-26,948273
Jules Koundé,27,RB,Barcelona,65.0,60.0,30,1,3,-5.0,-7.7,0.033,0.1,72.98,1,2261,0.04,0.119,2025-26,411975
Jorge de Frutos,28,RW,Rayo Vallecano,4.0,12.0,36,10,1,8.0,200.0,0.278,0.028,72.91,2,2485,0.362,0.036,2025-26,455181
Rubén Vargas,27,LW,Sevilla,7.0,12.0,24,3,6,5.0,71.4,0.125,0.25,72.76,1,1610,0.168,0.335,2025-26,345886
Nico Williams,23,LW,Athletic Club,70.0,40.0,25,6,4,-30.0,-42.9,0.24,0.16,72.76,1,1689,0.32,0.213,2025-26,709187
Ronald Araujo,26,CB,Barcelona,35.0,20.0,24,3,0,-15.0,-42.9,0.125,0.0,72.57,1,1061,0.254,0.0,2025-26,480267
José Ángel Carmona,23,RB,Sevilla,12.0,12.0,35,1,3,0.0,0.0,0.029,0.086,72.57,1,2564,0.035,0.105,2025-26,711625
Julián Alvarez,25,ST,Atlético Madrid,100.0,100.0,29,8,4,0.0,0.0,0.276,0.138,72.56,1,1903,0.378,0.189,2025-26,576024
Sergi Cardona,26,LB,Villarreal,10.0,9.0,31,1,4,-1.0,-10.0,0.032,0.129,72.41,1,1965,0.046,0.183,2025-26,678406
Hugo Álvarez,22,LW,Celta Vigo,7.5,8.0,28,4,2,0.5,6.7,0.143,0.071,72.31,1,1337,0.269,0.135,2025-26,892929
Éder Militão,27,CB,Real Madrid,30.0,20.0,16,2,1,-10.0,-33.3,0.125,0.062,72.2,1,1142,0.158,0.079,2025-26,401530
Hugo Rincón,22,RB,Girona,2.0,3.5,33,1,2,1.5,75.0,0.03,0.061,71.81,2,1741,0.052,0.103,2025-26,834487
Conor Gallagher,25,CM,Atlético Madrid,40.0,32.0,19,2,0,-8.0,-20.0,0.105,0.0,71.24,1,665,0.271,0.0,2025-26,488362
Luka Sucic,23,CM,Real Sociedad,15.0,10.0,22,3,1,-5.0,-33.3,0.136,0.045,71.19,1,1019,0.265,0.088,2025-26,502722
Pau Cubarsí,18,CB,Barcelona,80.0,80.0,31,1,0,0.0,0.0,0.032,0.0,70.91,1,2706,0.033,0.0,2025-26,962110
Jones El-Abdellaoui,19,RW,Celta Vigo,1.5,8.0,22,2,0,6.5,433.3,0.091,0.0,70.89,2,668,0.269,0.0,2025-26,960571
Beñat Turrientes,23,CM,Real Sociedad,10.0,10.0,27,0,3,0.0,0.0,0.0,0.111,70.85,1,1347,0.0,0.2,2025-26,634431
Sergio Gómez,25,LB,Real Sociedad,20.0,15.0,35,0,6,-5.0,-25.0,0.0,0.171,70.64,1,2706,0.0,0.2,2025-26,366930
Raúl Asencio,22,CB,Real Madrid,40.0,20.0,23,2,0,-20.0,-50.0,0.087,0.0,70.62,1,1708,0.105,0.0,2025-26,935245
Victor Parada,23,LB,Alavés,0.5,4.0,30,0,3,3.5,700.0,0.0,0.1,70.6,2,2152,0.0,0.125,2025-26,591957
Enzo Boyomo,24,CB,Osasuna,20.0,15.0,30,1,2,-5.0,-25.0,0.033,0.067,70.5,1,2545,0.035,0.071,2025-26,541555
Lucien Agoumé,23,CM,Sevilla,8.0,15.0,34,1,3,7.0,87.5,0.029,0.088,69.92,2,2693,0.033,0.1,2025-26,569384
Frenkie de Jong,28,CM,Barcelona,45.0,35.0,25,1,5,-10.0,-22.2,0.04,0.2,69.8,1,1631,0.055,0.276,2025-26,326330
Alejandro Rego,22,CM,Athletic Club,0.3,5.0,29,1,1,4.7,1566.7,0.034,0.034,69.31,2,1265,0.071,0.071,2025-26,834491
Alan Matturro,21,CB,Levante,7.0,4.0,19,1,1,-3.0,-42.9,0.053,0.053,69.11,1,941,0.096,0.096,2025-26,861981
Juanlu Sánchez,22,RB,Sevilla,12.0,10.0,32,0,3,-2.0,-16.7,0.0,0.094,69.1,1,1994,0.0,0.135,2025-26,676042
Nahuel Molina,27,RB,Atlético Madrid,20.0,15.0,26,2,2,-5.0,-25.0,0.077,0.077,69.1,1,1321,0.136,0.136,2025-26,424042
Aarón Escandell,30,GK,Real Oviedo,1.0,3.0,36,0,1,2.0,200.0,0.0,0.028,69.03,2,3240,0.0,0.028,2025-26,284430
Obed Vargas,20,CM,Atlético Madrid,6.0,10.0,12,0,1,4.0,66.7,0.0,0.083,69.02,2,739,0.0,0.122,2025-26,889435
Djibril Sow,28,CM,Sevilla,7.5,7.5,33,5,4,0.0,0.0,0.152,0.121,68.66,1,2195,0.205,0.164,2025-26,212723
Valentín Gómez,22,CB,Real Betis,10.0,12.0,28,1,0,2.0,20.0,0.036,0.0,68.54,1,1875,0.048,0.0,2025-26,985383
Pablo Barrios,22,CM,Atlético Madrid,55.0,55.0,23,1,1,0.0,0.0,0.043,0.043,68.38,1,1666,0.054,0.054,2025-26,775605
Dávid Hancko,28,CB,Atlético Madrid,30.0,35.0,30,0,2,5.0,16.7,0.0,0.067,68.22,1,2433,0.0,0.074,2025-26,404418
Rafa Marín,23,CB,Villarreal,7.0,12.0,23,1,0,5.0,71.4,0.043,0.0,67.98,2,1980,0.045,0.0,2025-26,662261
Andrei Rațiu,27,RB,Rayo Vallecano,12.0,18.0,35,0,4,6.0,50.0,0.0,0.114,67.62,1,2804,0.0,0.128,2025-26,527966
Ademola Lookman,28,LW,Atlético Madrid,60.0,40.0,12,4,0,-20.0,-33.3,0.333,0.0,67.57,1,622,0.579,0.0,2025-26,406040
Sergio Carreira,25,RB,Celta Vigo,4.0,12.0,34,2,1,8.0,200.0,0.059,0.029,67.53,2,2693,0.067,0.033,2025-26,545647
Mikel Oyarzabal,28,ST,Real Sociedad,25.0,25.0,34,15,4,0.0,0.0,0.441,0.118,67.48,1,2715,0.497,0.133,2025-26,351478
Nicolas Pépé,30,RW,Villarreal,6.0,6.0,36,8,10,0.0,0.0,0.222,0.278,67.35,1,2397,0.3,0.375,2025-26,343052
Eray Cömert,27,CB,Valencia,2.0,2.5,17,2,1,0.5,25.0,0.118,0.059,66.96,0,1339,0.134,0.067,2025-26,298583
Miguel Román,23,CM,Celta Vigo,0.4,15.0,19,1,0,14.6,3650.0,0.053,0.0,66.73,2,1310,0.069,0.0,2025-26,892932
Javi Rodríguez,22,CB,Celta Vigo,15.0,18.0,33,0,1,3.0,20.0,0.0,0.03,66.68,1,2561,0.0,0.035,2025-26,1076815
Santi Comesaña,29,CM,Villarreal,8.0,8.0,34,3,6,0.0,0.0,0.088,0.176,66.55,1,2413,0.112,0.224,2025-26,380598
Tyrhys Dolan,24,RW,Espanyol,7.0,10.0,36,2,6,3.0,42.9,0.056,0.167,66.53,1,2433,0.074,0.222,2025-26,647435
Alejandro Balde,22,LB,Barcelona,60.0,50.0,28,0,2,-10.0,-16.7,0.0,0.071,66.34,1,1875,0.0,0.096,2025-26,636688
Germán Valera,23,LW,Elche,1.5,6.0,36,4,5,4.5,300.0,0.111,0.139,66.33,2,2871,0.125,0.157,2025-26,548188
Luiz Júnior,24,GK,Villarreal,10.0,12.0,28,0,0,2.0,20.0,0.0,0.0,66.15,1,2520,0.0,0.0,2025-26,712107
Pau Navarro,20,CB,Villarreal,3.0,15.0,23,0,0,12.0,400.0,0.0,0.0,65.51,2,1924,0.0,0.0,2025-26,1061336
Joel Roca,20,LW,Girona,1.0,6.0,32,3,1,5.0,500.0,0.094,0.031,65.03,2,1468,0.184,0.061,2025-26,895326
Raúl García,25,ST,Osasuna,3.0,3.0,36,7,1,0.0,0.0,0.194,0.028,64.88,1,1013,0.622,0.089,2025-26,631002
Jorge Herrando,24,CB,Osasuna,4.0,3.5,28,0,2,-0.5,-12.5,0.0,0.071,64.74,0,1598,0.0,0.113,2025-26,555500
Vladyslav Vanat,23,ST,Girona,15.0,15.0,27,9,1,0.0,0.0,0.333,0.037,64.22,1,1960,0.413,0.046,2025-26,631821
Franco Mastantuono,18,RW,Real Madrid,30.0,45.0,23,1,0,15.0,50.0,0.043,0.0,64.12,2,1037,0.087,0.0,2025-26,1057316
Gerard Martín,23,CB,Barcelona,12.0,35.0,32,0,0,23.0,191.7,0.0,0.0,64.05,2,2122,0.0,0.0,2025-26,705395
Roberto Fernández,23,ST,Espanyol,6.0,10.0,38,7,4,4.0,66.7,0.184,0.105,63.74,1,2387,0.264,0.151,2025-26,720518
Takefusa Kubo,24,RW,Real Sociedad,30.0,20.0,24,2,4,-10.0,-33.3,0.083,0.167,63.63,1,1509,0.119,0.239,2025-26,405398
Gavi,21,CM,Barcelona,60.0,30.0,11,0,1,-30.0,-50.0,0.0,0.091,63.62,1,574,0.0,0.157,2025-26,646740
Nico González,27,LW,Atlético Madrid,24.0,22.0,24,5,0,-2.0,-8.3,0.208,0.0,63.53,1,1454,0.309,0.0,2025-26,486031
Thiago Fernández,21,LW,Real Oviedo,6.5,4.5,16,0,4,-2.0,-30.8,0.0,0.25,63.51,1,822,0.0,0.438,2025-26,1127730
Unai Gómez,22,CM,Athletic Club,6.0,5.0,26,1,1,-1.0,-16.7,0.038,0.038,63.42,1,933,0.096,0.096,2025-26,834752
Youssef Enríquez,20,LB,Alavés,0.5,4.0,25,0,1,3.5,700.0,0.0,0.04,63.27,2,1332,0.0,0.068,2025-26,741289
Toni Martínez,28,ST,Alavés,2.5,7.5,37,14,3,5.0,200.0,0.378,0.081,62.95,2,2730,0.462,0.099,2025-26,302371
Marcos Llorente,30,RB,Atlético Madrid,25.0,20.0,29,0,4,-5.0,-20.0,0.0,0.138,62.9,1,2184,0.0,0.165,2025-26,282411
Pablo Martínez,27,CM,Levante,2.0,3.0,27,1,5,1.0,50.0,0.037,0.185,62.76,1,1864,0.048,0.241,2025-26,568835
Hugo Sotelo,22,CM,Celta Vigo,4.0,5.0,20,0,2,1.0,25.0,0.0,0.1,62.57,1,1342,0.0,0.134,2025-26,892221
Kervin Arriaga,27,CM,Levante,1.5,2.0,27,3,3,0.5,33.3,0.111,0.111,62.55,0,1526,0.177,0.177,2025-26,526050
Sergio Camello,24,ST,Rayo Vallecano,3.0,3.0,22,5,1,0.0,0.0,0.227,0.045,62.37,1,818,0.55,0.11,2025-26,505674
Ionuț Radu,28,GK,Celta Vigo,2.5,9.0,38,0,0,6.5,260.0,0.0,0.0,62.14,2,3420,0.0,0.0,2025-26,303657
Edu Expósito,29,CM,Espanyol,3.0,5.0,36,1,6,2.0,66.7,0.028,0.167,62.03,1,2542,0.035,0.212,2025-26,506248
Mikel Jauregizar,22,CM,Athletic Club,30.0,30.0,36,2,0,0.0,0.0,0.056,0.0,61.94,1,2843,0.063,0.0,2025-26,938729
Fran García,26,LB,Real Madrid,18.0,10.0,13,1,1,-8.0,-44.4,0.077,0.077,61.77,1,930,0.097,0.097,2025-26,341264
Viktor Tsygankov,28,RW,Girona,18.0,15.0,32,6,5,-3.0,-16.7,0.188,0.156,61.69,1,2642,0.204,0.17,2025-26,264372
Álex Baena,24,LW,Atlético Madrid,55.0,40.0,27,2,3,-15.0,-27.3,0.074,0.111,61.55,1,1572,0.115,0.172,2025-26,548111
Cucho Hernández,26,ST,Real Betis,18.0,18.0,32,11,3,0.0,0.0,0.344,0.094,61.55,1,2595,0.382,0.104,2025-26,459463
Clemens Riedel,22,CB,Espanyol,4.0,4.0,20,0,1,0.0,0.0,0.0,0.05,61.46,0,1397,0.0,0.064,2025-26,692070
John Donald,25,CB,Elche,0.8,1.0,21,1,0,0.2,25.0,0.048,0.0,61.27,0,652,0.138,0.0,2025-26,627290
Ilyas Chaira,24,LW,Real Oviedo,2.5,4.0,36,6,2,1.5,60.0,0.167,0.056,61.22,2,2461,0.219,0.073,2025-26,593412
Natan,24,CB,Real Betis,9.0,25.0,33,0,0,16.0,177.8,0.0,0.0,61.06,2,2810,0.0,0.0,2025-26,735568
Pep Chavarría,27,LB,Rayo Vallecano,5.0,10.0,33,1,2,5.0,100.0,0.03,0.061,60.94,2,2681,0.034,0.067,2025-26,596122
Antonio Blanco,25,CM,Alavés,10.0,10.0,36,2,3,0.0,0.0,0.056,0.083,60.7,1,3117,0.058,0.087,2025-26,495621
Abel Bretones,25,LB,Osasuna,4.0,3.5,28,1,2,-0.5,-12.5,0.036,0.071,60.58,0,1619,0.056,0.111,2025-26,658115
Ángel Pérez,23,RW,Alavés,0.4,3.0,16,1,3,2.6,650.0,0.062,0.188,60.21,2,1291,0.07,0.209,2025-26,1124136
Oihan Sancet,25,CM,Athletic Club,60.0,25.0,28,4,0,-35.0,-58.3,0.143,0.0,59.67,1,1804,0.2,0.0,2025-26,571020
Martín Satriano,24,ST,Getafe,5.0,10.0,18,6,1,5.0,100.0,0.333,0.056,59.6,2,1607,0.336,0.056,2025-26,640109
Omar El Hilali,22,RB,Espanyol,15.0,15.0,36,0,2,0.0,0.0,0.0,0.056,59.56,1,2828,0.0,0.064,2025-26,822331
Leo Román,25,GK,Mallorca,5.0,6.0,33,0,0,1.0,20.0,0.0,0.0,59.55,0,2970,0.0,0.0,2025-26,562742
Álvaro Valles,28,GK,Real Betis,2.5,7.0,28,0,0,4.5,180.0,0.0,0.0,59.35,2,2520,0.0,0.0,2025-26,417913
Arnau Tenas,24,GK,Villarreal,3.0,4.0,10,0,0,1.0,33.3,0.0,0.0,59.17,0,900,0.0,0.0,2025-26,466783
Unai Núñez,28,CB,Valencia,3.0,3.5,13,0,1,0.5,16.7,0.0,0.077,58.99,0,912,0.0,0.099,2025-26,338285
Renato Veiga,22,CB,Villarreal,25.0,25.0,32,0,0,0.0,0.0,0.0,0.0,58.83,1,2478,0.0,0.0,2025-26,805714
Yáser Asprilla,22,RW,Girona,15.0,14.0,15,0,1,-1.0,-6.7,0.0,0.067,58.45,1,605,0.0,0.149,2025-26,857818
Iván Romero,24,ST,Levante,1.5,8.0,32,7,2,6.5,433.3,0.219,0.062,57.98,2,2280,0.276,0.079,2025-26,628886
Aitor Paredes,25,CB,Athletic Club,22.0,7.5,19,2,0,-14.5,-65.9,0.105,0.0,57.84,0,1629,0.11,0.0,2025-26,591916
Brais Méndez,28,CM,Real Sociedad,22.0,8.0,29,6,2,-14.0,-63.6,0.207,0.069,57.83,1,1671,0.323,0.108,2025-26,309110
Robin Le Normand,29,CB,Atlético Madrid,40.0,20.0,28,1,1,-20.0,-50.0,0.036,0.036,57.6,1,1783,0.05,0.05,2025-26,351809
Alfonso Pedraza,29,LB,Villarreal,2.5,2.5,27,1,3,0.0,0.0,0.037,0.111,57.58,0,1690,0.053,0.16,2025-26,356197
Álvaro Núñez,25,RB,Elche,1.5,4.0,25,0,2,2.5,166.7,0.0,0.08,57.47,2,1984,0.0,0.091,2025-26,626953
Carlos Vicente,26,RW,Alavés,4.0,4.0,21,5,0,0.0,0.0,0.238,0.0,57.42,0,1257,0.358,0.0,2025-26,540536
Eduardo Camavinga,23,CM,Real Madrid,60.0,50.0,29,1,0,-10.0,-16.7,0.034,0.0,57.41,1,1526,0.059,0.0,2025-26,640428
Héctor Bellerín,30,RB,Real Betis,2.0,2.4,27,2,3,0.4,20.0,0.074,0.111,57.31,0,1821,0.099,0.148,2025-26,191217
João Cancelo,31,RB,Barcelona,15.0,8.0,16,2,3,-7.0,-46.7,0.125,0.188,56.96,1,953,0.189,0.283,2025-26,182712
Vedat Muriqi,31,ST,Mallorca,5.0,4.5,37,23,1,-0.5,-10.0,0.622,0.027,56.63,1,3137,0.66,0.029,2025-26,256267
Umar Sadiq,28,ST,Valencia,5.0,4.0,25,4,4,-1.0,-20.0,0.16,0.16,56.37,1,1055,0.341,0.341,2025-26,337715
Filip Ugrinic,26,CM,Valencia,7.0,6.0,27,0,3,-1.0,-14.3,0.0,0.111,56.14,1,1507,0.0,0.179,2025-26,394236
Urko González de Zárate,24,CM,Espanyol,5.0,12.0,36,0,1,7.0,140.0,0.0,0.028,55.96,2,2631,0.0,0.034,2025-26,625651
Luis Milla,31,CM,Getafe,3.5,3.5,37,1,10,0.0,0.0,0.027,0.27,55.93,1,3277,0.027,0.275,2025-26,281989
Buba Sangaré,18,RB,Elche,1.0,4.5,12,0,0,3.5,350.0,0.0,0.0,55.9,2,541,0.0,0.0,2025-26,962125
Jon Aramburu,23,RB,Real Sociedad,15.0,15.0,35,1,0,0.0,0.0,0.029,0.0,55.75,1,2779,0.032,0.0,2025-26,661145
Yoel Lago,21,CB,Celta Vigo,1.0,4.0,12,0,0,3.0,300.0,0.0,0.0,55.56,2,940,0.0,0.0,2025-26,939374
Giovani Lo Celso,29,CM,Real Betis,15.0,8.0,24,2,3,-7.0,-46.7,0.083,0.125,55.49,1,1397,0.129,0.193,2025-26,348795
Unai Simón,28,GK,Athletic Club,28.0,22.0,37,0,0,-6.0,-21.4,0.0,0.0,55.41,1,3330,0.0,0.0,2025-26,262396
Lucas Boyé,29,ST,Alavés,3.5,5.0,29,11,1,1.5,42.9,0.379,0.034,55.2,1,1959,0.505,0.046,2025-26,334222
Matías Moreno,22,CB,Levante,3.4,6.0,28,0,0,2.6,76.5,0.0,0.0,55.05,2,2256,0.0,0.0,2025-26,1144700
Tani Oluwaseyi,25,ST,Villarreal,5.0,7.0,27,2,2,2.0,40.0,0.074,0.074,55.03,1,892,0.202,0.202,2025-26,972465
Abde Rebbach,27,LW,Alavés,0.7,2.5,30,1,4,1.8,257.1,0.033,0.133,55.01,2,1493,0.06,0.241,2025-26,718034
Rubén Sánchez,24,RB,Espanyol,1.0,1.8,21,0,1,0.8,80.0,0.0,0.048,54.97,0,805,0.0,0.112,2025-26,705813
Gonçalo Guedes,29,LW,Real Sociedad,11.0,6.0,32,8,4,-5.0,-45.5,0.25,0.125,54.91,1,1832,0.393,0.197,2025-26,225122
Lucas Bergström,23,GK,Mallorca,0.7,1.4,5,0,0,0.7,100.0,0.0,0.0,54.59,2,450,0.0,0.0,2025-26,490606
Alexander Sørloth,30,ST,Atlético Madrid,25.0,18.0,35,13,0,-7.0,-28.0,0.371,0.0,54.45,1,1981,0.591,0.0,2025-26,238407
Mateu Morey,25,RB,Mallorca,0.8,1.4,18,1,0,0.6,75.0,0.056,0.0,54.41,0,700,0.129,0.0,2025-26,388513
Pol Lozano,26,CM,Espanyol,5.0,6.0,33,2,1,1.0,20.0,0.061,0.03,54.33,0,2170,0.083,0.041,2025-26,412045
Carles Aleñá,27,CM,Alavés,2.5,3.0,34,0,4,0.5,20.0,0.0,0.118,54.23,0,1997,0.0,0.18,2025-26,284854
Marcão,29,CB,Sevilla,2.0,2.5,13,1,0,0.5,25.0,0.077,0.0,54.16,0,937,0.096,0.0,2025-26,439022
Ramón Terrats,25,CM,Espanyol,4.0,3.0,29,1,2,-1.0,-25.0,0.034,0.069,54.16,0,1023,0.088,0.176,2025-26,783396
Borja Iglesias,32,ST,Celta Vigo,3.0,2.8,35,14,2,-0.2,-6.7,0.4,0.057,54.13,1,1902,0.662,0.095,2025-26,278359
Hugo Duro,26,ST,Valencia,14.0,12.0,36,10,0,-2.0,-14.3,0.278,0.0,54.03,1,1982,0.454,0.0,2025-26,573775
Marc Casadó,22,CM,Barcelona,30.0,18.0,24,0,1,-12.0,-40.0,0.0,0.042,53.94,1,981,0.0,0.092,2025-26,636695
Alejandro Catena,31,CB,Osasuna,3.0,2.6,35,3,2,-0.4,-13.3,0.086,0.057,53.66,0,3073,0.088,0.059,2025-26,449796
Jon Ander Olasagasti,25,CM,Levante,4.0,2.5,33,1,5,-1.5,-37.5,0.03,0.152,53.61,1,1730,0.052,0.26,2025-26,625660
Adrián Liso,20,LW,Getafe,2.0,3.0,28,3,1,1.0,50.0,0.107,0.036,53.6,2,1712,0.158,0.053,2025-26,1061122
Manu Sánchez,25,LB,Levante,6.0,6.0,33,1,2,0.0,0.0,0.03,0.061,53.52,1,2818,0.032,0.064,2025-26,618809
Aurélien Tchouaméni,25,CM,Real Madrid,75.0,70.0,33,1,0,-5.0,-6.7,0.03,0.0,53.38,1,2623,0.034,0.0,2025-26,413112
Robert Lewandowski,37,ST,Barcelona,12.0,7.0,31,14,3,-5.0,-41.7,0.452,0.097,53.31,1,1656,0.761,0.163,2025-26,38253
Víctor Chust,25,CB,Elche,2.0,3.5,31,1,0,1.5,75.0,0.032,0.0,53.08,2,2165,0.042,0.0,2025-26,495625
Marc Aguado,25,CM,Elche,1.4,3.5,35,1,2,2.1,150.0,0.029,0.057,52.93,2,2514,0.036,0.072,2025-26,531404
Abdel Abqar,26,CB,Getafe,7.5,3.5,23,0,2,-4.0,-53.3,0.0,0.087,52.73,0,1441,0.0,0.125,2025-26,559979
Andriy Lunin,26,GK,Real Madrid,18.0,12.0,6,0,0,-6.0,-33.3,0.0,0.0,52.41,0,540,0.0,0.0,2025-26,404839
Ilias Akhomach,21,RW,Rayo Vallecano,15.0,12.0,20,0,1,-3.0,-20.0,0.0,0.05,51.88,1,894,0.0,0.101,2025-26,709969
Thiago Almada,24,LW,Atlético Madrid,25.0,15.0,27,3,1,-10.0,-40.0,0.111,0.037,51.31,1,1312,0.206,0.069,2025-26,576028
Julen Agirrezabala,25,GK,Valencia,15.0,9.0,18,0,0,-6.0,-40.0,0.0,0.0,51.22,0,1620,0.0,0.0,2025-26,625014
André Almeida,25,CM,Valencia,10.0,6.0,22,0,2,-4.0,-40.0,0.0,0.091,51.1,1,1016,0.0,0.177,2025-26,375382
Juan Iglesias,27,RB,Getafe,3.5,5.0,37,1,2,1.5,42.9,0.027,0.054,51.09,0,3189,0.028,0.056,2025-26,390688
Pablo Marín,22,CM,Real Sociedad,8.0,7.0,34,0,1,-1.0,-12.5,0.0,0.029,50.96,1,1494,0.0,0.06,2025-26,907813
Antonio Sivera,29,GK,Alavés,6.0,6.0,38,0,0,0.0,0.0,0.0,0.0,50.8,0,3420,0.0,0.0,2025-26,298197
Augusto Batalla,29,GK,Rayo Vallecano,6.0,6.0,34,0,0,0.0,0.0,0.0,0.0,50.8,0,3060,0.0,0.0,2025-26,275218
Gabriel Suazo,28,LB,Sevilla,4.0,6.0,29,0,2,2.0,50.0,0.0,0.069,50.54,0,2096,0.0,0.086,2025-26,385105
Haissem Hassan,23,RW,Real Oviedo,2.5,3.5,37,0,3,1.0,40.0,0.0,0.081,50.52,1,1943,0.0,0.139,2025-26,620164
Aitor Ruibal,29,RW,Real Betis,3.5,4.0,27,4,2,0.5,14.3,0.148,0.074,50.42,0,1814,0.198,0.099,2025-26,378139
Alberto Reina,28,CM,Real Oviedo,1.5,2.0,37,4,1,0.5,33.3,0.108,0.027,50.39,0,2480,0.145,0.036,2025-26,603696
Ángel Ortiz,21,RB,Real Betis,2.5,4.0,13,0,0,1.5,60.0,0.0,0.0,50.2,2,582,0.0,0.0,2025-26,933908
Jon Moncayola,27,CM,Osasuna,7.0,7.0,36,0,4,0.0,0.0,0.0,0.111,50.12,1,3029,0.0,0.119,2025-26,552425
Mauro Arambarri,30,CM,Getafe,12.0,8.0,37,6,2,-4.0,-33.3,0.162,0.054,50.05,0,3255,0.166,0.055,2025-26,290249
Aleix Febas,29,CM,Elche,2.2,5.0,36,2,2,2.8,127.3,0.056,0.056,49.97,2,3166,0.057,0.057,2025-26,217144
Carlos Soler,28,CM,Real Sociedad,18.0,7.0,33,4,3,-11.0,-61.1,0.121,0.091,49.74,1,2326,0.155,0.116,2025-26,372246
Mouctar Diakhaby,29,CB,Valencia,2.0,1.5,8,1,0,-0.5,-25.0,0.125,0.0,49.57,0,544,0.165,0.0,2025-26,346289
Zito Luvumbo,23,RW,Mallorca,5.0,3.0,10,0,2,-2.0,-40.0,0.0,0.2,49.47,1,509,0.0,0.354,2025-26,666547
César Tárrega,23,CB,Valencia,10.0,9.0,32,0,0,-1.0,-10.0,0.0,0.0,49.4,1,2596,0.0,0.0,2025-26,707274
Thierry Correia,26,RB,Valencia,3.0,2.5,24,0,2,-0.5,-16.7,0.0,0.083,48.79,0,1394,0.0,0.129,2025-26,367466
Diego López,23,RW,Valencia,15.0,9.0,34,4,1,-6.0,-40.0,0.118,0.029,48.65,1,1763,0.204,0.051,2025-26,617081
Rafa Mir,28,ST,Elche,0.8,4.0,27,8,0,3.2,400.0,0.296,0.0,48.6,2,1810,0.398,0.0,2025-26,361254
Ayoze Pérez,32,ST,Villarreal,10.0,5.0,25,5,4,-5.0,-50.0,0.2,0.16,48.59,1,1122,0.401,0.321,2025-26,246968
Unai López,30,CM,Rayo Vallecano,2.5,2.5,28,0,4,0.0,0.0,0.0,0.143,48.57,0,1619,0.0,0.222,2025-26,192009
Jesús Vázquez,22,LB,Valencia,3.0,4.0,24,0,0,1.0,33.3,0.0,0.0,48.46,0,961,0.0,0.0,2025-26,623024
Pablo Ibáñez,27,CM,Alavés,2.0,4.0,37,1,1,2.0,100.0,0.027,0.027,48.09,2,2248,0.04,0.04,2025-26,785353
Nelson Deossa,25,CM,Real Betis,6.0,9.0,20,0,0,3.0,50.0,0.0,0.0,47.7,0,735,0.0,0.0,2025-26,907559
Aymeric Laporte,31,CB,Athletic Club,15.0,8.0,25,0,2,-7.0,-46.7,0.0,0.08,47.46,0,2060,0.0,0.087,2025-26,176553
Ander Guevara,28,CM,Alavés,3.5,2.5,25,1,1,-1.0,-28.6,0.04,0.04,47.34,0,635,0.142,0.142,2025-26,465967
Zaid Romero,26,CB,Getafe,3.0,2.5,15,1,0,-0.5,-16.7,0.067,0.0,46.89,0,1350,0.067,0.0,2025-26,741142
Dani Vivian,26,CB,Athletic Club,40.0,20.0,31,1,0,-20.0,-50.0,0.032,0.0,46.87,1,2563,0.035,0.0,2025-26,524000
Federico Viñas,27,ST,Real Oviedo,2.0,4.0,33,9,1,2.0,100.0,0.273,0.03,46.83,2,2451,0.33,0.037,2025-26,578419
Álvaro Fidalgo,28,CM,Real Betis,9.0,6.0,9,1,0,-3.0,-33.3,0.111,0.0,46.82,0,547,0.165,0.0,2025-26,261503
Jan Oblak,32,GK,Atlético Madrid,20.0,15.0,30,0,0,-5.0,-25.0,0.0,0.0,46.82,0,2700,0.0,0.0,2025-26,121483
Antoine Griezmann,34,ST,Atlético Madrid,18.0,8.0,34,7,4,-10.0,-55.6,0.206,0.118,46.73,1,1468,0.429,0.245,2025-26,125781
Iñaki Williams,31,RW,Athletic Club,15.0,8.0,30,3,6,-7.0,-46.7,0.1,0.2,46.72,1,2168,0.125,0.249,2025-26,255508
Manu Morlanes,26,CM,Mallorca,2.5,2.4,32,3,0,-0.1,-4.0,0.094,0.0,46.49,0,1775,0.152,0.0,2025-26,335225
Mateo Joseph,22,ST,Mallorca,3.5,3.5,29,2,4,0.0,0.0,0.069,0.138,46.25,1,1704,0.106,0.211,2025-26,834742
Pepelu,27,CM,Valencia,9.0,8.0,31,2,0,-1.0,-11.1,0.065,0.0,46.07,0,2234,0.081,0.0,2025-26,328480
Kareem Tunde,20,RW,Levante,0.5,2.0,21,0,1,1.5,300.0,0.0,0.048,46.07,2,1143,0.0,0.079,2025-26,1063340
Thibaut Courtois,33,GK,Real Madrid,20.0,15.0,32,0,0,-5.0,-25.0,0.0,0.0,45.98,0,2880,0.0,0.0,2025-26,108390
José Copete,26,CB,Valencia,3.0,5.0,21,0,0,2.0,66.7,0.0,0.0,45.92,0,1761,0.0,0.0,2025-26,520840
José María Giménez,30,CB,Atlético Madrid,20.0,9.0,16,0,1,-11.0,-55.0,0.0,0.062,45.87,0,1177,0.0,0.076,2025-26,250845
Johnny Cardoso,24,CM,Atlético Madrid,25.0,20.0,15,0,0,-5.0,-20.0,0.0,0.0,45.87,1,892,0.0,0.0,2025-26,689505
Paco Cortés,18,LW,Levante,0.1,1.5,12,0,0,1.4,1400.0,0.0,0.0,45.74,2,471,0.0,0.0,2025-26,1232057
Raúl Moro,23,LW,Osasuna,7.5,3.5,14,0,2,-4.0,-53.3,0.0,0.143,45.12,1,623,0.0,0.289,2025-26,624942
Davinchi,18,LB,Getafe,0.3,1.0,14,0,0,0.7,233.3,0.0,0.0,44.52,2,698,0.0,0.0,2025-26,1268764
Iker Losada,24,ST,Levante,1.5,1.8,23,3,1,0.3,20.0,0.13,0.043,44.01,0,898,0.301,0.1,2025-26,632741
Adrià Pedrosa,27,LB,Elche,7.0,2.8,27,1,1,-4.2,-60.0,0.037,0.037,43.84,0,1084,0.083,0.083,2025-26,501418
David López,22,CB,Mallorca,0.5,1.2,14,0,0,0.7,140.0,0.0,0.0,43.46,2,833,0.0,0.0,2025-26,947431
Charles Pickel,28,CM,Espanyol,2.4,2.5,24,1,0,0.1,4.2,0.042,0.0,43.38,0,693,0.13,0.0,2025-26,243879
Borja Mayoral,28,ST,Getafe,7.5,6.0,16,4,1,-1.5,-20.0,0.25,0.062,43.37,1,1059,0.34,0.085,2025-26,298976
Manu Fernández,24,CB,Celta Vigo,0.2,1.5,14,0,0,1.3,650.0,0.0,0.0,43.13,2,759,0.0,0.0,2025-26,638124
Jeremy Toljan,31,RB,Levante,2.4,2.0,37,1,4,-0.4,-16.7,0.027,0.108,43.11,0,3173,0.028,0.113,2025-26,129674
Javi López,23,LB,Real Oviedo,7.5,5.0,25,0,1,-2.5,-33.3,0.0,0.04,42.94,0,1713,0.0,0.053,2025-26,568158
Toni Lato,28,LB,Mallorca,1.8,1.4,12,0,1,-0.4,-22.2,0.0,0.083,42.91,0,585,0.0,0.154,2025-26,320271
Javi Puado,27,LW,Espanyol,10.0,7.5,10,2,0,-2.5,-25.0,0.2,0.0,42.66,0,678,0.265,0.0,2025-26,408471
Fran Pérez,23,RW,Rayo Vallecano,3.0,2.5,29,2,1,-0.5,-16.7,0.069,0.034,42.58,0,1233,0.146,0.073,2025-26,622988
David Carmo,26,CB,Real Oviedo,10.0,5.0,22,1,0,-5.0,-50.0,0.045,0.0,42.49,0,1787,0.05,0.0,2025-26,498237
Isaac Romero,25,ST,Sevilla,6.0,5.0,29,4,2,-1.0,-16.7,0.138,0.069,42.47,1,1490,0.242,0.121,2025-26,687609
Guido Rodríguez,31,CM,Valencia,10.0,4.0,16,4,0,-6.0,-60.0,0.25,0.0,42.21,0,1308,0.275,0.0,2025-26,342385
Aimar Oroz,24,CM,Osasuna,15.0,7.5,31,0,2,-7.5,-50.0,0.0,0.065,42.02,1,2154,0.0,0.084,2025-26,634131
Pablo Durán,24,ST,Celta Vigo,3.5,4.0,30,2,2,0.5,14.3,0.067,0.067,41.79,1,1425,0.126,0.126,2025-26,905997
Jon Pacheco,24,CB,Alavés,6.0,5.0,22,0,0,-1.0,-16.7,0.0,0.0,41.75,0,1734,0.0,0.0,2025-26,580560
Iñaki Peña,26,GK,Elche,8.0,4.0,16,0,0,-4.0,-50.0,0.0,0.0,41.61,0,1440,0.0,0.0,2025-26,283170
Álex Remiro,30,GK,Real Sociedad,18.0,9.0,37,0,0,-9.0,-50.0,0.0,0.0,41.34,0,3330,0.0,0.0,2025-26,212862
Yuri Berchiche,35,LB,Athletic Club,1.4,1.0,32,0,7,-0.4,-28.6,0.0,0.219,41.22,0,2709,0.0,0.233,2025-26,61812
Sergi Darder,32,CM,Mallorca,4.0,3.0,38,1,5,-1.0,-25.0,0.026,0.132,41.06,0,2689,0.033,0.167,2025-26,142021
Batista Mendy,25,CM,Sevilla,10.0,7.5,27,1,0,-2.5,-25.0,0.037,0.0,41.03,0,1619,0.056,0.0,2025-26,395234
Alemão,27,ST,Rayo Vallecano,3.5,4.0,26,4,0,0.5,14.3,0.154,0.0,40.98,0,1133,0.318,0.0,2025-26,560417
Víctor García,28,RW,Levante,0.8,1.5,21,2,1,0.7,87.5,0.095,0.048,40.82,0,1040,0.173,0.087,2025-26,590690
Yangel Herrera,27,CM,Real Sociedad,15.0,6.0,14,0,1,-9.0,-60.0,0.0,0.071,40.51,0,638,0.0,0.141,2025-26,378293
Pau López,31,GK,Real Betis,2.5,2.5,9,0,0,0.0,0.0,0.0,0.0,40.37,0,810,0.0,0.0,2025-26,286415
Gorka Guruzeta,29,ST,Athletic Club,9.0,5.0,35,10,3,-4.0,-44.4,0.286,0.086,40.25,1,2370,0.38,0.114,2025-26,340205
Gerard Moreno,33,ST,Villarreal,4.0,2.5,22,10,0,-1.5,-37.5,0.455,0.0,39.97,0,1350,0.667,0.0,2025-26,177467
Jofre Carreras,24,RW,Espanyol,3.0,3.0,26,1,0,0.0,0.0,0.038,0.0,39.89,0,921,0.098,0.0,2025-26,628498
Nahuel Tenaglia,29,RB,Alavés,3.0,3.0,36,2,1,0.0,0.0,0.056,0.028,39.88,0,3240,0.056,0.028,2025-26,533568
Chidera Ejuke,27,LW,Sevilla,4.0,4.0,27,1,1,0.0,0.0,0.037,0.037,39.64,0,922,0.098,0.098,2025-26,500067
Juan Musso,31,GK,Atlético Madrid,3.5,3.0,8,0,0,-0.5,-14.3,0.0,0.0,39.63,0,720,0.0,0.0,2025-26,242359
Adama Boiro,23,LB,Athletic Club,2.5,2.5,14,0,0,0.0,0.0,0.0,0.0,38.93,0,810,0.0,0.0,2025-26,710671
Aritz Elustondo,31,CB,Real Sociedad,3.0,1.5,16,0,1,-1.5,-50.0,0.0,0.062,38.88,0,718,0.0,0.125,2025-26,229804
Gonzalo Villar,27,CM,Elche,2.0,1.8,12,1,0,-0.2,-10.0,0.083,0.0,38.85,0,718,0.125,0.0,2025-26,398163
Sergio Herrera,32,GK,Osasuna,3.0,2.8,37,0,0,-0.2,-6.7,0.0,0.0,38.8,0,3285,0.0,0.0,2025-26,248738
David Soria,32,GK,Getafe,3.0,2.8,38,0,0,-0.2,-6.7,0.0,0.0,38.8,0,3420,0.0,0.0,2025-26,226012
Pedro Bigas,35,CB,Elche,0.45,0.3,28,1,3,-0.15,-33.3,0.036,0.107,38.68,0,2069,0.043,0.13,2025-26,203043
Gerard Gumbau,31,CM,Rayo Vallecano,1.5,1.2,28,0,3,-0.3,-20.0,0.0,0.107,38.53,0,1172,0.0,0.23,2025-26,268670
Bryan Zaragoza,24,LW,Celta Vigo,12.0,8.0,19,1,1,-4.0,-33.3,0.053,0.053,38.19,1,1135,0.079,0.079,2025-26,713644
Koke,33,CM,Atlético Madrid,8.0,5.0,34,2,2,-3.0,-37.5,0.059,0.059,38.09,0,2220,0.081,0.081,2025-26,74229
Alfon González,26,LW,Villarreal,5.0,3.0,20,2,0,-2.0,-40.0,0.1,0.0,38.01,0,639,0.282,0.0,2025-26,357628
Clément Lenglet,30,CB,Atlético Madrid,7.5,4.0,19,0,1,-3.5,-46.7,0.0,0.053,37.85,0,1393,0.0,0.065,2025-26,182904
Igor Zubeldia,28,CB,Real Sociedad,12.0,6.0,25,0,1,-6.0,-50.0,0.0,0.04,37.74,0,2082,0.0,0.043,2025-26,355628
Iván Martín,26,CM,Girona,6.0,5.0,35,0,1,-1.0,-16.7,0.0,0.029,37.73,0,2540,0.0,0.035,2025-26,341278
Valentin Rosier,29,RB,Osasuna,3.0,3.0,31,1,1,0.0,0.0,0.032,0.032,37.51,0,2554,0.035,0.035,2025-26,441170
Pablo Maffeo,28,RB,Mallorca,5.0,3.0,31,1,2,-2.0,-40.0,0.032,0.065,37.48,0,2672,0.034,0.067,2025-26,251876
Peque Fernández,23,ST,Sevilla,3.5,3.0,26,2,1,-0.5,-14.3,0.077,0.038,37.37,0,978,0.184,0.092,2025-26,639733
Luis Rioja,32,RW,Valencia,2.0,1.8,37,3,6,-0.2,-10.0,0.081,0.162,37.07,0,2636,0.102,0.205,2025-26,278837
Luis Vázquez,24,ST,Getafe,2.5,2.5,17,3,1,0.0,0.0,0.176,0.059,36.95,0,1205,0.224,0.075,2025-26,844516
Thomas Lemar,30,CM,Girona,5.0,1.8,27,3,1,-3.2,-64.0,0.111,0.037,36.87,0,1259,0.214,0.071,2025-26,205562
Baptiste Santamaria,30,CM,Valencia,7.0,2.5,19,1,1,-4.5,-64.3,0.053,0.053,36.83,0,743,0.121,0.121,2025-26,285323
Bryan Gil,24,LW,Girona,15.0,8.0,29,0,3,-7.0,-46.7,0.0,0.103,36.81,1,1587,0.0,0.17,2025-26,537382
Arnaut Danjuma,28,LW,Valencia,4.0,3.0,30,3,2,-1.0,-25.0,0.1,0.067,36.73,0,1627,0.166,0.111,2025-26,355861
José Gayà,30,LB,Valencia,9.0,4.0,32,1,2,-5.0,-55.6,0.031,0.062,36.68,0,2462,0.037,0.073,2025-26,221322
André Silva,30,ST,Elche,4.0,3.0,31,10,0,-1.0,-25.0,0.323,0.0,36.49,0,1853,0.486,0.0,2025-26,198008
Pedro Díaz,27,CM,Rayo Vallecano,3.0,3.0,34,0,1,0.0,0.0,0.0,0.029,36.48,0,1870,0.0,0.048,2025-26,363057
Iago Aspas,38,ST,Celta Vigo,2.0,1.6,32,5,3,-0.4,-20.0,0.156,0.094,36.44,0,1130,0.398,0.239,2025-26,72047
Cédric Bakambu,34,ST,Real Betis,1.5,1.2,18,3,1,-0.3,-20.0,0.167,0.056,36.41,0,562,0.48,0.16,2025-26,127048
Álvaro García,33,LW,Rayo Vallecano,2.0,1.5,32,4,6,-0.5,-25.0,0.125,0.188,36.39,0,2108,0.171,0.256,2025-26,257062
Denis Suárez,31,CM,Alavés,1.2,1.0,30,1,2,-0.2,-16.7,0.033,0.067,36.24,0,1407,0.064,0.128,2025-26,165007
Rahim Alhassane,24,LB,Real Oviedo,1.2,1.5,27,0,0,0.3,25.0,0.0,0.0,36.11,0,1710,0.0,0.0,2025-26,929899
Oriol Rey,27,CM,Levante,1.6,1.8,20,0,1,0.2,12.5,0.0,0.05,36.07,0,1319,0.0,0.068,2025-26,293388
Domingos Duarte,30,CB,Getafe,0.8,0.8,34,1,1,0.0,0.0,0.029,0.029,35.97,0,2929,0.031,0.031,2025-26,257376
Aihen Muñoz,28,LB,Real Sociedad,4.0,2.5,21,1,0,-1.5,-37.5,0.048,0.0,35.94,0,843,0.107,0.0,2025-26,517842
Leandro Cabrera,34,CB,Espanyol,1.0,0.9,37,3,0,-0.1,-10.0,0.081,0.0,35.65,0,3330,0.081,0.0,2025-26,102423
Florian Lejeune,34,CB,Rayo Vallecano,2.5,1.8,36,2,1,-0.7,-28.0,0.056,0.028,35.55,0,3231,0.056,0.028,2025-26,127108
Junior Firpo,29,LB,Real Betis,8.0,3.5,12,0,1,-4.5,-56.2,0.0,0.083,35.44,0,832,0.0,0.108,2025-26,374139
Ugo Raghouber,22,CM,Levante,4.0,3.0,16,0,0,-1.0,-25.0,0.0,0.0,34.8,0,705,0.0,0.0,2025-26,707230
Ibrahim Diabate,26,ST,Alavés,1.0,1.5,10,2,0,0.5,50.0,0.2,0.0,34.76,0,581,0.31,0.0,2025-26,620696
Pathé Ciss,31,CM,Rayo Vallecano,2.0,1.8,29,2,1,-0.2,-10.0,0.069,0.034,34.55,0,1994,0.09,0.045,2025-26,525578
Johan Mojica,33,LB,Mallorca,2.0,1.5,35,0,4,-0.5,-25.0,0.0,0.114,34.38,0,2726,0.0,0.132,2025-26,262939
Antonio Rüdiger,32,CB,Real Madrid,20.0,6.0,18,1,0,-14.0,-70.0,0.056,0.0,34.3,0,1491,0.06,0.0,2025-26,86202
Stole Dimitrievski,32,GK,Valencia,2.5,2.0,20,0,0,-0.5,-20.0,0.0,0.0,33.29,0,1800,0.0,0.0,2025-26,165467
Odysseas Vlachodimos,31,GK,Sevilla,5.0,3.0,33,0,0,-2.0,-40.0,0.0,0.0,33.23,0,2970,0.0,0.0,2025-26,124419
Unai Elgezabal,32,CB,Levante,0.7,0.5,12,1,0,-0.2,-28.6,0.083,0.0,33.05,0,958,0.094,0.0,2025-26,255495
Pere Milla,33,LW,Espanyol,1.2,1.0,33,7,1,-0.2,-16.7,0.212,0.03,33.05,0,1988,0.317,0.045,2025-26,225593
Juan Foyth,27,CB,Villarreal,15.0,8.0,13,0,0,-7.0,-46.7,0.0,0.0,33.04,0,936,0.0,0.0,2025-26,480763
Rodrigo Riquelme,25,LW,Real Betis,12.0,4.0,25,1,1,-8.0,-66.7,0.04,0.04,32.94,0,811,0.111,0.111,2025-26,461617
Léo Pétrot,28,CB,Elche,0.9,1.5,32,0,0,0.6,66.7,0.0,0.0,32.56,0,1568,0.0,0.0,2025-26,412829
Marc Roca,29,CM,Real Betis,6.0,4.0,29,1,1,-2.0,-33.3,0.034,0.034,32.44,0,2025,0.044,0.044,2025-26,336869
Luka Ilic,26,CM,Real Oviedo,2.0,1.4,19,1,0,-0.6,-30.0,0.053,0.0,32.43,0,738,0.122,0.0,2025-26,429790
Lucas Beltrán,24,ST,Valencia,18.0,8.0,27,1,2,-10.0,-55.6,0.037,0.074,32.01,1,1366,0.066,0.132,2025-26,628366
Jesús Areso,26,RB,Athletic Club,12.0,5.0,26,0,1,-7.0,-58.3,0.0,0.038,31.87,0,1504,0.0,0.06,2025-26,488626
David Costas,30,CB,Real Oviedo,1.4,1.2,25,1,0,-0.2,-14.3,0.04,0.0,31.24,0,2064,0.044,0.0,2025-26,276111
Tanguy Nianzou,23,CB,Sevilla,1.5,1.2,12,0,0,-0.3,-20.0,0.0,0.0,31.23,0,646,0.0,0.0,2025-26,538996
Moi Gómez,31,CM,Osasuna,2.0,1.5,26,0,2,-0.5,-25.0,0.0,0.077,30.91,0,1197,0.0,0.15,2025-26,175449
Diego Llorente,32,CB,Real Betis,6.0,2.5,18,1,0,-3.5,-58.3,0.056,0.0,30.65,0,1227,0.073,0.0,2025-26,246291
Fernando Calero,30,CB,Espanyol,1.5,2.0,28,0,0,0.5,33.3,0.0,0.0,30.43,0,2150,0.0,0.0,2025-26,357884
Fran Beltrán,26,CM,Girona,8.0,4.0,27,1,0,-4.0,-50.0,0.037,0.0,30.35,0,1544,0.058,0.0,2025-26,423444
Ante Budimir,34,ST,Osasuna,5.0,2.8,37,17,0,-2.2,-44.0,0.459,0.0,30.28,0,2953,0.518,0.0,2025-26,46413
Daniel Carvajal,33,RB,Real Madrid,8.0,4.0,17,0,1,-4.0,-50.0,0.0,0.059,30.14,0,976,0.0,0.092,2025-26,138927
Eric Bailly,31,CB,Real Oviedo,2.0,1.2,15,1,0,-0.8,-40.0,0.067,0.0,29.95,0,1236,0.073,0.0,2025-26,286384
Rubén García,32,RW,Osasuna,2.0,1.6,35,2,5,-0.4,-20.0,0.057,0.143,29.61,0,2247,0.08,0.2,2025-26,213260
Carlos Domínguez,24,CB,Celta Vigo,3.0,2.0,8,0,0,-1.0,-33.3,0.0,0.0,29.3,0,610,0.0,0.0,2025-26,636093
Alfonso Espino,33,LB,Rayo Vallecano,1.2,0.9,30,2,0,-0.3,-25.0,0.067,0.0,29.27,0,1481,0.122,0.0,2025-26,311044
Nicolás Fonseca,27,CM,Real Oviedo,3.5,3.0,19,0,0,-0.5,-14.3,0.0,0.0,29.15,0,1020,0.0,0.0,2025-26,462070
Marko Dmitrovic,33,GK,Espanyol,0.8,0.7,37,0,0,-0.1,-12.5,0.0,0.0,29.09,0,3330,0.0,0.0,2025-26,94308
Paulo Gazzaniga,33,GK,Girona,2.5,1.8,35,0,0,-0.7,-28.0,0.0,0.0,29.07,0,3103,0.0,0.0,2025-26,195488
Mathew Ryan,33,GK,Levante,2.5,1.8,36,0,0,-0.7,-28.0,0.0,0.0,29.07,0,3240,0.0,0.0,2025-26,128969
Kwasi Sibo,27,CM,Real Oviedo,1.0,1.4,26,0,0,0.4,40.0,0.0,0.0,29.01,0,1686,0.0,0.0,2025-26,538006
Calebe,25,CM,Alavés,2.0,1.8,19,0,0,-0.2,-10.0,0.0,0.0,28.91,0,753,0.0,0.0,2025-26,798114
Allan Nyom,37,RB,Getafe,0.3,0.1,15,0,1,-0.2,-66.7,0.0,0.067,28.86,0,524,0.0,0.172,2025-26,111508
Santiago Colombatto,28,CM,Real Oviedo,3.0,2.5,32,0,1,-0.5,-16.7,0.0,0.031,28.7,0,2070,0.0,0.043,2025-26,395122
Omar Mascarell,32,CM,Mallorca,0.9,0.7,30,2,2,-0.2,-22.2,0.067,0.067,28.53,0,2245,0.08,0.08,2025-26,142031
Carl Starfelt,30,CB,Celta Vigo,6.0,4.5,19,0,0,-1.5,-25.0,0.0,0.0,28.51,0,1492,0.0,0.0,2025-26,258987
Sofyan Amrabat,29,CM,Real Betis,17.0,10.0,17,0,0,-7.0,-41.2,0.0,0.0,28.48,0,1296,0.0,0.0,2025-26,287579
Ørjan Nyland,35,GK,Sevilla,0.9,0.8,5,0,0,-0.1,-11.1,0.0,0.0,28.42,0,450,0.0,0.0,2025-26,73517
Roger Brugué,29,LW,Levante,2.0,2.0,19,1,1,0.0,0.0,0.053,0.053,28.39,0,1007,0.089,0.089,2025-26,557057
Josan,36,RW,Elche,0.45,0.1,19,0,3,-0.35,-77.8,0.0,0.158,28.23,0,554,0.0,0.487,2025-26,277533
Álex Moreno,32,LB,Girona,7.0,3.0,31,0,3,-4.0,-57.1,0.0,0.097,28.12,0,2558,0.0,0.106,2025-26,193098
Dani Ceballos,29,CM,Real Madrid,10.0,7.0,16,0,0,-3.0,-30.0,0.0,0.0,27.86,0,482,0.0,0.0,2025-26,319745
César Azpilicueta,36,CB,Sevilla,1.5,1.0,17,0,1,-0.5,-33.3,0.0,0.059,27.8,0,1218,0.0,0.074,2025-26,57500
Marc Bartra,34,CB,Real Betis,1.0,0.9,25,1,0,-0.1,-10.0,0.04,0.0,27.58,0,1978,0.046,0.0,2025-26,99922
Iker Muñoz,23,CM,Osasuna,3.0,2.0,19,0,0,-1.0,-33.3,0.0,0.0,27.54,0,949,0.0,0.0,2025-26,710677
Andoni Gorosabel,29,RB,Athletic Club,5.0,3.0,24,0,1,-2.0,-40.0,0.0,0.042,27.37,0,1358,0.0,0.066,2025-26,289255
Duje Caleta-Car,29,CB,Real Sociedad,7.0,2.8,27,1,0,-4.2,-60.0,0.037,0.0,27.1,0,2150,0.042,0.0,2025-26,238266
Tete Morente,29,LW,Elche,2.0,1.8,13,1,1,-0.2,-10.0,0.077,0.077,26.4,0,933,0.096,0.096,2025-26,339816
Wojciech Szczesny,35,GK,Barcelona,1.0,0.8,8,0,0,-0.2,-20.0,0.0,0.0,26.09,0,720,0.0,0.0,2025-26,44058
Diego Pampín,25,LB,Levante,1.2,1.0,8,0,0,-0.2,-16.7,0.0,0.0,25.99,0,534,0.0,0.0,2025-26,505493
Iñigo Ruiz de Galarreta,32,CM,Athletic Club,3.0,2.0,34,1,2,-1.0,-33.3,0.029,0.059,25.3,0,2231,0.04,0.081,2025-26,126751
Álex Berenguer,30,LW,Athletic Club,9.0,4.0,31,2,3,-5.0,-55.6,0.065,0.097,24.0,0,2164,0.083,0.125,2025-26,338425
Lucas Torró,31,CM,Osasuna,3.0,2.5,34,0,1,-0.5,-16.7,0.0,0.029,23.95,0,2307,0.0,0.039,2025-26,213670
Josip Brekalo,27,LW,Real Oviedo,3.3,2.5,14,0,0,-0.8,-24.2,0.0,0.0,23.69,0,483,0.0,0.0,2025-26,293169
Unai Vencedor,25,CM,Levante,2.2,1.6,16,0,0,-0.6,-27.3,0.0,0.0,23.49,0,818,0.0,0.0,2025-26,610083
Álex Sancris,28,RW,Getafe,2.0,1.5,18,0,1,-0.5,-25.0,0.0,0.056,23.39,0,705,0.0,0.128,2025-26,560705
Neal Maupay,29,ST,Sevilla,8.0,4.0,12,2,1,-4.0,-50.0,0.167,0.083,23.16,0,871,0.207,0.103,2025-26,217115
Santi Cazorla,41,CM,Real Oviedo,0.2,0.2,28,0,1,0.0,0.0,0.0,0.036,22.76,0,924,0.0,0.097,2025-26,15799
Carlos Martín,23,LW,Rayo Vallecano,2.8,1.5,11,0,0,-1.3,-46.4,0.0,0.0,22.69,0,452,0.0,0.0,2025-26,618813
Kike García,36,ST,Espanyol,0.9,0.7,37,8,1,-0.2,-22.2,0.216,0.027,22.6,0,1727,0.417,0.052,2025-26,93936
Antonio Sánchez,28,CM,Mallorca,2.5,2.0,30,0,0,-0.5,-20.0,0.0,0.0,22.17,0,1061,0.0,0.0,2025-26,513031
Óscar Valentín,31,CM,Rayo Vallecano,2.5,2.0,33,1,0,-0.5,-20.0,0.03,0.0,21.95,0,2115,0.043,0.0,2025-26,517753
Alexis Sánchez,37,ST,Sevilla,1.5,1.2,28,4,2,-0.3,-20.0,0.143,0.071,21.93,0,1300,0.277,0.138,2025-26,40433
Lucas Ahijado,30,RB,Real Oviedo,0.8,0.6,20,0,1,-0.2,-25.0,0.0,0.05,21.85,0,1092,0.0,0.082,2025-26,349884
Kiko Femenía,34,RB,Getafe,0.9,0.7,28,1,1,-0.2,-22.2,0.036,0.036,21.74,0,2021,0.045,0.045,2025-26,76467
Marcos Alonso,35,CB,Celta Vigo,1.5,1.2,32,1,0,-0.3,-20.0,0.031,0.0,21.3,0,2770,0.032,0.0,2025-26,112515
Grady Diangana,27,RW,Elche,3.5,2.0,20,1,0,-1.5,-42.9,0.05,0.0,20.41,0,929,0.097,0.0,2025-26,342048
Isi Palazón,31,ST,Rayo Vallecano,3.5,2.8,31,3,3,-0.7,-20.0,0.097,0.097,19.93,0,2263,0.119,0.119,2025-26,362086
Martin Valjent,30,CB,Mallorca,6.0,3.0,37,0,0,-3.0,-50.0,0.0,0.0,19.85,0,3309,0.0,0.0,2025-26,277384
Nemanja Gudelj,34,CM,Sevilla,3.0,2.0,34,2,0,-1.0,-33.3,0.059,0.0,19.78,0,2348,0.077,0.0,2025-26,74294
Joseph Aidoo,30,CB,Celta Vigo,1.2,1.0,8,0,0,-0.2,-16.7,0.0,0.0,19.68,0,639,0.0,0.0,2025-26,358250
Ricardo Rodríguez,33,LB,Real Betis,2.0,1.4,23,0,1,-0.6,-30.0,0.0,0.043,19.08,0,1546,0.0,0.058,2025-26,86784
Antonio Raíllo,34,CB,Mallorca,1.8,1.0,24,0,1,-0.8,-44.4,0.0,0.042,18.5,0,2070,0.0,0.043,2025-26,278296
Facundo Garcés,26,CB,Alavés,2.0,1.0,10,0,0,-1.0,-50.0,0.0,0.0,18.43,0,792,0.0,0.0,2025-26,533354
Matías Dituro,38,GK,Elche,0.2,0.1,22,0,0,-0.1,-50.0,0.0,0.0,18.21,0,1980,0.0,0.0,2025-26,144128
Luiz Felipe,28,CB,Rayo Vallecano,5.0,2.0,10,0,0,-3.0,-60.0,0.0,0.0,18.01,0,470,0.0,0.0,2025-26,457931
Jonny Otto,31,RB,Alavés,3.0,2.2,34,0,0,-0.8,-26.7,0.0,0.0,17.64,0,2998,0.0,0.0,2025-26,175446
Leander Dendoncker,30,CM,Real Oviedo,4.5,1.8,19,1,0,-2.7,-60.0,0.053,0.0,17.49,0,1333,0.068,0.0,2025-26,168157
Takuma Asano,31,RW,Mallorca,2.5,1.5,20,1,0,-1.0,-40.0,0.05,0.0,17.15,0,659,0.137,0.0,2025-26,245744
Axel Witsel,36,CM,Girona,2.0,1.2,32,1,2,-0.8,-40.0,0.031,0.062,16.84,0,2533,0.036,0.071,2025-26,35047
Javi Galán,31,LB,Osasuna,4.0,1.8,25,0,1,-2.2,-55.0,0.0,0.04,16.2,0,1807,0.0,0.05,2025-26,448628
Diego Rico,32,LB,Getafe,1.2,1.0,28,0,0,-0.2,-16.7,0.0,0.0,15.57,0,1754,0.0,0.0,2025-26,249513
Dakonam Djené,34,CB,Getafe,1.8,1.4,34,0,0,-0.4,-22.2,0.0,0.0,15.43,0,2585,0.0,0.0,2025-26,221150
Daley Blind,35,CB,Girona,1.5,1.2,31,0,0,-0.3,-20.0,0.0,0.0,15.13,0,2610,0.0,0.0,2025-26,12282
Dani Calvo,31,CB,Real Oviedo,1.2,0.9,20,0,0,-0.3,-25.0,0.0,0.0,15.04,0,1609,0.0,0.0,2025-26,326416
Jon Guridi,30,CM,Alavés,3.0,1.8,28,0,0,-1.2,-40.0,0.0,0.0,13.65,0,1240,0.0,0.0,2025-26,289257
Nacho Vidal,30,RB,Real Oviedo,1.8,1.2,29,0,0,-0.6,-33.3,0.0,0.0,13.62,0,2272,0.0,0.0,2025-26,216870
Dani Parejo,36,CM,Villarreal,1.5,1.0,32,1,0,-0.5,-33.3,0.031,0.0,13.37,0,1390,0.065,0.0,2025-26,59561
Javi Muñoz,30,CM,Getafe,2.0,1.2,17,0,0,-0.8,-40.0,0.0,0.0,11.22,0,545,0.0,0.0,2025-26,282421
Juan Cruz,33,LB,Osasuna,1.5,1.0,15,0,0,-0.5,-33.3,0.0,0.0,10.15,0,646,0.0,0.0,2025-26,169497
Iván Balliu,34,RB,Rayo Vallecano,1.4,1.0,14,0,0,-0.4,-28.6,0.0,0.0,9.71,0,578,0.0,0.0,2025-26,85295
Yeray Álvarez,30,CB,Athletic Club,7.0,0.9,7,0,0,-6.1,-87.1,0.0,0.0,9.39,0,514,0.0,0.0,2025-26,255488
Dimitri Foulquier,32,RB,Valencia,1.5,0.9,15,0,0,-0.6,-40.0,0.0,0.0,8.53,0,1148,0.0,0.0,2025-26,170472
Thomas Partey,32,CM,Villarreal,14.0,2.0,25,0,0,-12.0,-85.7,0.0,0.0,8.37,0,923,0.0,0.0,2025-26,230784
Portu,33,RW,Girona,1.8,1.2,10,0,0,-0.6,-33.3,0.0,0.0,7.63,0,473,0.0,0.0,2025-26,99353
Iñigo Lekue,32,RB,Athletic Club,2.0,1.0,11,0,0,-1.0,-50.0,0.0,0.0,7.33,0,600,0.0,0.0,2025-26,255501
Salomón Rondón,36,ST,Real Oviedo,0.75,0.35,16,2,0,-0.4,-53.3,0.125,0.0,0.0,0,1038,0.173,0.0,2025-26,80197
