Player,Age,Position,Current_Value_M,Market_Value_M,Apps,Goals,Assists,Potential_Gap,Potential_Pct,Goals_Per_App,Assists_Per_App
Vinicius Jr,24,LW,150.0,175.0,45,15,8,25.0,16.67,0.333,0.178
Rodrygo,23,RW,90.0,110.0,38,12,7,20.0,22.22,0.316,0.184
Bellingham,21,CM,120.0,140.0,28,8,3,20.0,16.67,0.286,0.107
Camavinga,22,CM,70.0,85.0,42,2,1,15.0,21.43,0.048,0.024
Valverde,26,CM,80.0,95.0,50,5,4,15.0,18.75,0.1,0.08
Modric,38,CM,15.0,18.0,180,65,20,3.0,20.0,0.361,0.111
Nacho,33,CB,8.0,10.0,95,2,1,2.0,25.0,0.021,0.011
Militao,26,CB,25.0,30.0,80,3,0,5.0,20.0,0.038,0.0
Mendy,29,LB,12.0,15.0,100,1,5,3.0,25.0,0.01,0.05
Benzema,35,ST,20.0,25.0,120,68,20,5.0,25.0,0.567,0.167
Kroos,34,CM,18.0,22.0,160,15,40,4.0,22.22,0.094,0.25
Alaba,32,CB,20.0,25.0,120,5,2,5.0,25.0,0.042,0.017
Rudiger,31,CB,22.0,28.0,85,8,1,6.0,27.27,0.094,0.012
Carvajal,31,RB,15.0,18.0,110,3,5,3.0,20.0,0.027,0.045
Brahim Diaz,25,RW,30.0,40.0,60,10,8,10.0,33.33,0.167,0.133
Tchouameni,24,CM,60.0,75.0,35,5,2,15.0,25.0,0.143,0.057
Endrick,18,LW,45.0,60.0,5,2,0,15.0,33.33,0.4,0.0
Arda Guler,20,RW,40.0,55.0,8,1,1,15.0,37.5,0.125,0.125
Vazquez,29,RB,12.0,15.0,70,2,2,3.0,25.0,0.029,0.029
Lopez,25,CB,10.0,12.0,50,1,1,2.0,20.0,0.02,0.02
Asensio,28,RW,35.0,45.0,100,12,8,10.0,28.57,0.12,0.08
Ceballos,26,CM,25.0,32.0,80,4,8,7.0,28.0,0.05,0.1
Garcia,27,LB,8.0,10.0,15,0,0,2.0,25.0,0.0,0.0
Lunin,25,GK,8.0,10.0,25,0,0,2.0,25.0,0.0,0.0
Carlos Garcia,24,LW,96.3,123.6,93,8,5,27.299999999999997,28.35,0.086,0.054
Luis Martinez,19,RW,54.0,67.5,109,8,12,13.5,25.0,0.073,0.11
Diego Lopez,32,CM,18.5,21.2,35,1,2,2.6999999999999993,14.59,0.029,0.057
Miguel Gonzalez,25,CB,46.8,58.7,29,0,0,11.900000000000006,25.43,0.0,0.0
Juan Rodriguez,26,LB,83.9,96.5,81,1,0,12.599999999999994,15.02,0.012,0.0
Pedro Fernandez,28,RB,16.8,18.8,142,5,2,2.0,11.9,0.035,0.014
Antonio Sanchez,23,ST,32.3,41.1,71,11,3,8.800000000000004,27.24,0.155,0.042
Jorge Perez,18,GK,55.9,65.1,102,1,1,9.199999999999996,16.46,0.01,0.01
Sergio Jimenez,27,LW,38.9,52.2,118,17,13,13.300000000000004,34.19,0.144,0.11
David Ramirez,28,RW,46.9,52.6,37,3,2,5.700000000000003,12.15,0.081,0.054
Pablo Ruiz,24,CM,45.4,59.3,59,2,4,13.899999999999999,30.62,0.034,0.068
Alejandro Diaz,20,CB,51.1,57.2,148,4,0,6.100000000000001,11.94,0.027,0.0
Fernando Moreno,18,LB,51.7,66.0,112,3,0,14.299999999999997,27.66,0.027,0.0
Roberto Castro,24,RB,33.7,44.3,97,1,0,10.599999999999994,31.45,0.01,0.0
Javier Santos,23,ST,49.4,63.3,99,23,5,13.899999999999999,28.14,0.232,0.051
Manuel Flores,20,GK,47.1,60.8,88,2,0,13.699999999999996,29.09,0.023,0.0
Marcos Silva,27,LW,57.1,63.1,25,2,2,6.0,10.51,0.08,0.08
Alvaro Vargas,23,RW,63.1,83.8,44,4,4,20.699999999999996,32.81,0.091,0.091
Carlos Garcia,22,CM,18.5,21.6,32,2,2,3.1000000000000014,16.76,0.062,0.062
Luis Martinez,29,CB,44.9,58.4,36,1,0,13.5,30.07,0.028,0.0
Diego Lopez,32,LB,45.8,54.1,25,0,0,8.300000000000004,18.12,0.0,0.0
Miguel Gonzalez,32,RB,44.4,48.9,81,1,0,4.5,10.14,0.012,0.0
Juan Rodriguez,20,ST,30.2,40.3,55,11,3,10.099999999999998,33.44,0.2,0.055
Pedro Fernandez,24,GK,97.9,131.2,45,0,0,33.29999999999998,34.01,0.0,0.0
Antonio Sanchez,23,LW,27.8,34.8,80,6,5,6.9999999999999964,25.18,0.075,0.062
Jorge Perez,34,RW,19.6,22.3,78,11,5,2.6999999999999993,13.78,0.141,0.064
Sergio Jimenez,30,CM,40.5,46.9,111,4,8,6.399999999999999,15.8,0.036,0.072
David Ramirez,29,CB,31.4,35.3,126,1,0,3.8999999999999986,12.42,0.008,0.0
Pablo Ruiz,18,LB,41.6,52.8,12,0,0,11.199999999999996,26.92,0.0,0.0
Alejandro Diaz,29,RB,17.0,21.6,64,2,0,4.600000000000001,27.06,0.031,0.0
Fernando Moreno,24,ST,33.5,44.6,132,23,8,11.100000000000001,33.13,0.174,0.061
Roberto Castro,32,GK,32.2,39.7,43,0,0,7.5,23.29,0.0,0.0
Javier Santos,34,LW,35.3,41.9,58,7,6,6.600000000000001,18.7,0.121,0.103
Manuel Flores,33,RW,41.2,51.9,21,1,2,10.699999999999996,25.97,0.048,0.095
Marcos Silva,28,CM,10.4,11.7,102,2,5,1.299999999999999,12.5,0.02,0.049
Alvaro Vargas,27,CB,76.9,97.1,41,1,0,20.19999999999999,26.27,0.024,0.0
Carlos Garcia,23,LB,81.0,102.2,128,3,1,21.200000000000003,26.17,0.023,0.008
Luis Martinez,19,RB,31.5,36.8,44,1,0,5.299999999999997,16.83,0.023,0.0
Diego Lopez,34,ST,35.2,45.8,80,16,4,10.599999999999994,30.11,0.2,0.05
Miguel Gonzalez,21,GK,47.5,55.6,13,0,0,8.100000000000001,17.05,0.0,0.0
Juan Rodriguez,34,LW,48.2,64.0,61,4,7,15.799999999999997,32.78,0.066,0.115
Pedro Fernandez,25,RW,97.5,130.7,129,12,9,33.19999999999999,34.05,0.093,0.07
Antonio Sanchez,33,CM,22.7,25.9,87,6,7,3.1999999999999993,14.1,0.069,0.08
Jorge Perez,28,CB,13.9,17.4,148,0,1,3.4999999999999982,25.18,0.0,0.007
Sergio Jimenez,33,LB,39.6,50.5,108,1,0,10.899999999999999,27.53,0.009,0.0
David Ramirez,32,RB,42.4,55.8,137,2,1,13.399999999999999,31.6,0.015,0.007
Pablo Ruiz,32,ST,36.0,45.9,121,28,5,9.899999999999999,27.5,0.231,0.041
Alejandro Diaz,24,GK,32.0,39.9,15,0,0,7.899999999999999,24.69,0.0,0.0
Fernando Moreno,23,LW,69.3,76.8,15,2,1,7.5,10.82,0.133,0.067
Roberto Castro,20,RW,38.5,49.8,40,4,2,11.299999999999997,29.35,0.1,0.05
Javier Santos,18,CM,38.9,48.1,99,6,9,9.200000000000003,23.65,0.061,0.091
Manuel Flores,27,CB,49.2,63.9,47,0,0,14.699999999999996,29.88,0.0,0.0
Marcos Silva,18,LB,58.3,76.3,107,1,0,18.0,30.87,0.009,0.0
Alvaro Vargas,20,RB,26.3,32.5,110,2,0,6.199999999999999,23.57,0.018,0.0
Carlos Garcia,35,ST,39.5,48.9,95,18,4,9.399999999999999,23.8,0.189,0.042
Luis Martinez,24,GK,81.8,90.3,26,0,0,8.5,10.39,0.0,0.0
Diego Lopez,33,LW,38.1,46.5,23,2,1,8.399999999999999,22.05,0.087,0.043
Miguel Gonzalez,21,RW,34.5,41.4,96,11,5,6.899999999999999,20.0,0.115,0.052
Juan Rodriguez,24,CM,71.9,88.2,129,7,6,16.299999999999997,22.67,0.054,0.047
Pedro Fernandez,19,CB,43.9,48.6,92,3,1,4.700000000000003,10.71,0.033,0.011
Antonio Sanchez,24,LB,73.2,89.0,86,3,0,15.799999999999997,21.58,0.035,0.0
Jorge Perez,35,RB,46.2,53.1,19,0,0,6.899999999999999,14.94,0.0,0.0
Sergio Jimenez,19,ST,45.7,51.1,54,12,1,5.399999999999999,11.82,0.222,0.019
David Ramirez,32,GK,21.3,24.0,107,2,1,2.6999999999999993,12.68,0.019,0.009
Pablo Ruiz,31,LW,42.1,49.3,34,4,3,7.199999999999996,17.1,0.118,0.088
Alejandro Diaz,35,RW,26.5,31.6,118,12,13,5.100000000000001,19.25,0.102,0.11
Fernando Moreno,33,CM,27.2,35.0,115,3,10,7.800000000000001,28.68,0.026,0.087
Roberto Castro,27,CB,87.0,102.6,135,2,0,15.599999999999994,17.93,0.015,0.0
Javier Santos,34,LB,13.7,16.1,143,5,1,2.400000000000002,17.52,0.035,0.007
Manuel Flores,29,RB,27.9,32.8,56,1,0,4.899999999999999,17.56,0.018,0.0
Marcos Silva,32,ST,41.6,46.7,79,12,4,5.100000000000001,12.26,0.152,0.051
Alvaro Vargas,25,GK,91.6,108.8,26,0,0,17.200000000000003,18.78,0.0,0.0
Carlos Garcia,29,LW,14.0,15.7,108,9,11,1.6999999999999993,12.14,0.083,0.102
Luis Martinez,30,RW,13.3,14.9,148,15,11,1.5999999999999996,12.03,0.101,0.074
Diego Lopez,32,CM,47.9,64.5,115,4,5,16.6,34.66,0.035,0.043
Miguel Gonzalez,31,CB,32.3,39.0,136,0,1,6.700000000000003,20.74,0.0,0.007
Juan Rodriguez,18,LB,36.1,40.2,26,0,0,4.100000000000001,11.36,0.0,0.0
Pedro Fernandez,31,RB,33.3,44.7,62,0,1,11.400000000000006,34.23,0.0,0.016
Antonio Sanchez,22,ST,58.3,64.4,145,22,10,6.1000000000000085,10.46,0.152,0.069
Jorge Perez,27,GK,99.5,111.3,87,3,0,11.799999999999997,11.86,0.034,0.0
Sergio Jimenez,29,LW,37.8,45.9,97,11,10,8.100000000000001,21.43,0.113,0.103
David Ramirez,18,RW,27.6,37.0,134,14,12,9.399999999999999,34.06,0.104,0.09
Pablo Ruiz,22,CM,23.5,28.5,59,3,2,5.0,21.28,0.051,0.034
Alejandro Diaz,35,CB,49.4,63.0,85,1,1,13.600000000000001,27.53,0.012,0.012
Fernando Moreno,30,LB,16.5,21.9,125,4,1,5.399999999999999,32.73,0.032,0.008
Roberto Castro,29,RB,26.7,35.6,131,0,0,8.900000000000002,33.33,0.0,0.0
Javier Santos,24,ST,85.8,115.5,31,6,1,29.700000000000003,34.62,0.194,0.032
Manuel Flores,35,GK,43.7,57.2,75,1,0,13.5,30.89,0.013,0.0
Marcos Silva,19,LW,53.9,70.3,149,22,13,16.4,30.43,0.148,0.087
Alvaro Vargas,31,RW,47.8,62.7,44,4,2,14.900000000000006,31.17,0.091,0.045
Carlos Garcia,35,CM,34.2,39.6,104,5,6,5.399999999999999,15.79,0.048,0.058
Luis Martinez,20,CB,45.2,55.6,118,2,2,10.399999999999999,23.01,0.017,0.017
Diego Lopez,27,LB,67.1,88.5,66,0,0,21.400000000000006,31.89,0.0,0.0
Miguel Gonzalez,31,RB,34.8,44.4,39,0,0,9.600000000000001,27.59,0.0,0.0
Juan Rodriguez,24,ST,69.2,83.0,71,17,3,13.799999999999997,19.94,0.239,0.042
Pedro Fernandez,27,GK,83.8,100.5,97,3,1,16.700000000000003,19.93,0.031,0.01
Antonio Sanchez,20,LW,56.7,69.3,46,5,5,12.599999999999994,22.22,0.109,0.109
Jorge Perez,26,RW,49.7,62.5,43,3,2,12.799999999999997,25.75,0.07,0.047
Sergio Jimenez,20,CM,21.8,24.8,99,3,6,3.0,13.76,0.03,0.061
David Ramirez,34,CB,29.0,36.7,34,0,0,7.700000000000003,26.55,0.0,0.0
Pablo Ruiz,21,LB,27.5,31.5,22,0,0,4.0,14.55,0.0,0.0
Alejandro Diaz,21,RB,31.4,38.5,106,0,1,7.100000000000001,22.61,0.0,0.009
Fernando Moreno,29,ST,13.3,17.5,138,21,6,4.199999999999999,31.58,0.152,0.043
Roberto Castro,32,GK,39.9,45.8,39,0,0,5.899999999999999,14.79,0.0,0.0
Javier Santos,29,LW,24.8,30.1,114,9,7,5.300000000000001,21.37,0.079,0.061
Manuel Flores,30,RW,45.8,56.2,84,7,6,10.400000000000006,22.71,0.083,0.071
Marcos Silva,27,CM,43.2,50.4,62,1,3,7.199999999999996,16.67,0.016,0.048
Alvaro Vargas,21,CB,29.7,33.6,134,3,1,3.900000000000002,13.13,0.022,0.007
Carlos Garcia,32,LB,29.9,33.6,85,1,1,3.700000000000003,12.37,0.012,0.012
Luis Martinez,25,RB,34.6,40.5,60,1,0,5.899999999999999,17.05,0.017,0.0
Diego Lopez,24,ST,99.0,123.9,43,6,1,24.900000000000006,25.15,0.14,0.023
Miguel Gonzalez,22,GK,22.2,25.5,49,0,0,3.3000000000000007,14.86,0.0,0.0
Juan Rodriguez,19,LW,38.6,46.4,147,12,11,7.799999999999997,20.21,0.082,0.075
Pedro Fernandez,35,RW,44.6,58.2,46,4,4,13.600000000000001,30.49,0.087,0.087
Antonio Sanchez,34,CM,32.3,40.1,49,3,2,7.800000000000004,24.15,0.061,0.041
Jorge Perez,23,CB,56.9,69.8,43,0,0,12.899999999999999,22.67,0.0,0.0
Sergio Jimenez,23,LB,68.6,78.1,77,1,0,9.5,13.85,0.013,0.0
David Ramirez,24,RB,35.1,39.1,148,1,2,4.0,11.4,0.007,0.014
Pablo Ruiz,22,ST,45.7,58.9,93,18,4,13.199999999999996,28.88,0.194,0.043
Alejandro Diaz,24,GK,94.7,123.9,145,0,2,29.200000000000003,30.83,0.0,0.014
