Player,Age,Position,Current_Value_M,Potential_Gap,Potential_Pct,Talent_Score,Cluster
Roberto Castro,24,RB,33.7,10.599999999999994,31.45,34.66,0
Pablo Ruiz,18,LB,41.6,11.199999999999996,26.92,34.48,0
Roberto Castro,29,RB,26.7,8.900000000000002,33.33,34.2,0
Diego Lopez,32,CM,47.9,16.6,34.66,34.15,0
Pedro Fernandez,31,RB,33.3,11.400000000000006,34.23,34.1,0
Fernando Moreno,29,ST,13.3,4.199999999999999,31.58,34.06,0
Fernando Moreno,30,LB,16.5,5.399999999999999,32.73,33.9,0
Manuel Flores,27,CB,49.2,14.699999999999996,29.88,33.56,0
Luis Martinez,29,CB,44.9,13.5,30.07,33.28,0
David Ramirez,32,RB,42.4,13.4,31.6,33.12,0
Alvaro Vargas,20,RB,26.3,6.199999999999999,23.57,33.11,0
Luis Martinez,20,CB,45.2,10.4,23.01,32.97,0
Miguel Gonzalez,25,CB,46.8,11.900000000000006,25.43,32.63,0
Alejandro Diaz,24,GK,32.0,7.899999999999999,24.69,32.61,0
Alejandro Diaz,21,RB,31.4,7.100000000000001,22.61,32.6,0
Lunin,25,GK,8.0,2.0,25.0,32.5,0
Alejandro Diaz,29,RB,17.0,4.600000000000001,27.06,32.38,0
Manuel Flores,35,GK,43.7,13.5,30.89,32.29,0
Fernando Moreno,33,CM,27.2,7.800000000000001,28.68,32.23,0
Rudiger,31,CB,22.0,6.0,27.27,32.19,0
