Player,Age,Position,Team,Current_Value_M,Potential_Gap,Potential_Pct,Talent_Score,Cluster
Vinícius Jr,24,LW,Real Madrid,85,10,11.76,100.0,1
Robert Lewandowski,36,ST,Barcelona,30,-5,-16.67,86.43,0
Rodrygo Goes,23,RW,Real Madrid,65,10,15.38,80.07,1
Alexander Sørloth,25,ST,Real Sociedad,40,10,25.0,79.63,1
Jude Bellingham,21,CM,Real Madrid,90,20,22.22,68.38,1
Brahim Díaz,25,RW,Real Madrid,45,10,22.22,65.82,1
Artem Dovbyk,26,ST,Girona,22,10,45.45,64.51,1
Youssef En-Nesyri,26,ST,Sevilla,30,8,26.67,61.14,1
João Félix,25,LW,Atlético Madrid,45,10,22.22,53.99,1
Ángel Correa,29,RW,Atlético Madrid,35,3,8.57,53.96,1
Mikel Oyarzabal,27,LW,Real Sociedad,35,7,20.0,52.5,1
Ferrán Torres,24,RW,Barcelona,45,10,22.22,50.05,1
Nico Williams,22,RW,Athletic Bilbao,28,17,60.71,49.59,1
Álex Baena,25,CM,Villarreal,40,10,25.0,49.41,1
Takefusa Kubo,23,RW,Real Sociedad,32,10,31.25,48.69,1
